"","city_lms_name","lamas_code","year","x3_rooms_apartments","average_price_nis_3_rooms_apartments","x4_rooms_apartments","average_price_nis_4_rooms_apartments"
"1","Eilat",2600,2017,2,9e+05,1,1100000
"2","Eilat",2600,2018,1,1045000,5,1175000
"3","Eilat",2600,2019,7,1014285.714,0,0
"4","Eilat",2600,2020,1,1045000,0,0
"5","Eilat",2600,2023,2,1607500,8,1876405.5
"6","Eilat",2600,2024,1,1560000,0,0
"7","Ashdod",70,2017,16,1197687.5,22,1387772.727
"8","Ashdod",70,2018,33,1290878.788,21,1559476.19
"9","Ashdod",70,2019,6,1290833.333,4,1539500
"10","Ashdod",70,2020,5,1220000,0,0
"11","Ashdod",70,2022,3,1800666.667,5,2007572
"12","Ashdod",70,2023,10,1906000,18,2015444.444
"13","Ashdod",70,2024,2,1675000,3,2111666.667
"14","Ashkelon",7100,2017,4,984875,7,1240285.714
"15","Ashkelon",7100,2018,18,1001122.222,13,1172015.385
"16","Ashkelon",7100,2019,2,1017500,2,1295000
"17","Ashkelon",7100,2020,11,924636.3636,1,1015000
"18","Ashkelon",7100,2021,0,0,1,1337500
"19","Ashkelon",7100,2022,1,1220000,3,1813333.333
"20","Ashkelon",7100,2023,1,1165000,15,1820200
"21","Ashkelon",7100,2024,0,0,1,1880000
"22","Beer Sheva",9000,2017,2,865000,2,1025000
"23","Beer Sheva",9000,2018,19,844789.4736,31,1127677.419
"24","Beer Sheva",9000,2019,3,816666.6666,0,0
"25","Beer Sheva",9000,2020,8,854250,3,1026666.667
"26","Beer Sheva",9000,2021,1,960000,4,978750
"27","Beer Sheva",9000,2022,7,856428.5714,15,1162466.667
"28","Beer Sheva",9000,2023,7,1002142.857,13,1276846.154
"29","Beer Sheva",9000,2024,1,860000,1,1200000
"30","Beit Shemesh",2610,2017,5,1227000,2,1270000
"31","Beit Shemesh",2610,2018,3,1186666.667,22,1370909.091
"32","Beit Shemesh",2610,2019,2,1280000,0,0
"33","Beit Shemesh",2610,2020,3,1145000,1,1550000
"34","Beit Shemesh",2610,2022,0,0,4,2237500
"35","Beit Shemesh",2610,2023,5,1940000,14,2171214.286
"36","Beit Shemesh",2610,2024,1,2e+06,1,2140000
"37","Beitar Illit",3780,2018,1,1391000,0,0
"38","Beitar Illit",3780,2019,1,1500000,2,1440000
"39","Beitar Illit",3780,2022,0,0,1,2660000
"40","Beitar Illit",3780,2023,2,2080000,4,2425000
"41","Beitar Illit",3780,2024,2,2e+06,1,2310000
"42","Bnei Brak",6100,2017,4,1345000,7,1694000
"43","Bnei Brak",6100,2018,14,1455357.143,14,1710857.143
"44","Bnei Brak",6100,2019,12,1476166.667,8,1785000
"45","Bnei Brak",6100,2020,0,0,1,1810000
"46","Bnei Brak",6100,2021,0,0,2,1850000
"47","Bnei Brak",6100,2023,3,2046666.667,12,2444000
"48","Bnei Brak",6100,2024,2,1919500,0,0
"49","Bat Yam",6200,2017,14,1390714.286,7,1712142.857
"50","Bat Yam",6200,2018,32,1438156.25,2,1680000
"51","Bat Yam",6200,2019,5,1470200,4,1667000
"52","Bat Yam",6200,2020,5,1362000,1,1955000
"53","Bat Yam",6200,2021,1,1390000,0,0
"54","Bat Yam",6200,2022,2,1832500,2,2095000
"55","Bat Yam",6200,2023,16,1900937.5,8,2165000
"56","Bat Yam",6200,2024,6,1797500,1,2990000
"57","Givatayim",6300,2018,1,1700000,0,0
"58","Hod Hasharon",9700,2017,2,1460000,1,1700000
"59","Hod Hasharon",9700,2018,1,1680000,2,1652500
"60","Hod Hasharon",9700,2019,1,1700000,3,1843333.333
"61","Hod Hasharon",9700,2023,1,2270000,0,0
"62","Herzliya",6400,2018,4,1585000,2,1900000
"63","Herzliya",6400,2019,3,1536666.667,0,0
"64","Herzliya",6400,2020,0,0,2,1820000
"65","Hadera",6500,2017,9,964444.4444,4,1162500
"66","Hadera",6500,2018,18,925111.1111,4,1146250
"67","Hadera",6500,2019,8,958625,1,1085000
"68","Hadera",6500,2020,4,838000,0,0
"69","Hadera",6500,2021,1,890000,0,0
"70","Hadera",6500,2022,1,1400000,4,1571000
"71","Hadera",6500,2023,7,1469285.714,15,1900866.667
"72","Hadera",6500,2024,1,1550000,0,0
"73","Holon",6600,2017,17,1376882.353,1,1860000
"74","Holon",6600,2018,22,1410045.455,4,1637500
"75","Holon",6600,2019,12,1424166.667,6,1727500
"76","Holon",6600,2020,4,1417500,0,0
"77","Holon",6600,2021,1,1400000,0,0
"78","Holon",6600,2022,8,2050625,7,2256000
"79","Holon",6600,2023,14,2111500,18,2431000
"80","Holon",6600,2024,0,0,2,2470000
"81","Haifa",4000,2017,8,925625,4,1411125
"82","Haifa",4000,2018,29,901413.7931,20,1240650
"83","Haifa",4000,2019,20,910600,7,1159518.571
"84","Haifa",4000,2020,12,890416.6666,4,1152500
"85","Haifa",4000,2021,0,0,2,1147500
"86","Haifa",4000,2022,12,1219583.333,17,1517647.059
"87","Haifa",4000,2023,4,1320000,22,1614454.545
"88","Yavne",2660,2017,1,1360000,1,1460000
"89","Yavne",2660,2018,5,1386000,4,1651500
"90","Yavne",2660,2019,0,0,2,1912500
"91","Yavne",2660,2023,4,1838750,3,2236666.667
"92","Jerusalem",3000,2017,38,1311578.947,40,1613375
"93","Jerusalem",3000,2018,52,1365038.462,44,1621159.091
"94","Jerusalem",3000,2019,8,1535625,2,1862500
"95","Jerusalem",3000,2020,7,1354857.143,3,1900333.333
"96","Jerusalem",3000,2021,7,1613571.429,4,1806250
"97","Jerusalem",3000,2022,6,2013333.333,11,2244545.455
"98","Jerusalem",3000,2023,22,1956954.545,30,2378333.333
"99","Jerusalem",3000,2024,3,1910000,7,2346428.571
"100","Kfar Saba",6900,2017,1,1780000,2,1687500
"101","Kfar Saba",6900,2018,4,1370000,1,1430000
"102","Kfar Saba",6900,2019,1,1752495,2,1420000
"103","Kfar Saba",6900,2020,1,1590000,0,0
"104","Kfar Saba",6900,2022,1,1960000,0,0
"105","Kfar Saba",6900,2023,3,2449333.333,8,2473750
"106","Lod",7000,2017,0,0,2,1060000
"107","Lod",7000,2018,3,1026666.667,5,1172000
"108","Lod",7000,2019,10,1058000,7,1245714.286
"109","Lod",7000,2020,1,1100000,2,1320000
"110","Lod",7000,2022,3,1161666.667,8,1299875
"111","Lod",7000,2023,1,1110000,0,0
"112","Modi'in Illit",3797,2022,0,0,1,1820000
"113","Modi'in Illit",3797,2023,1,1790000,4,2140000
"114","Nahariya",9100,2017,4,820000,7,1073142.857
"115","Nahariya",9100,2018,15,755666.6666,7,1128428.571
"116","Nahariya",9100,2019,2,8e+05,0,0
"117","Nahariya",9100,2021,0,0,1,1015000
"118","Nahariya",9100,2022,0,0,3,1417666.667
"119","Nahariya",9100,2023,2,1210000,11,1421363.636
"120","Ness Ziona",7200,2017,0,0,1,1700000
"121","Ness Ziona",7200,2020,3,1755000,0,0
"122","Nazareth",7300,2018,0,0,1,865000
"123","Nazareth",7300,2019,1,5e+05,1,660000
"124","Nazareth",7300,2020,2,535000,0,0
"125","Nazareth",7300,2024,1,780000,0,0
"126","Netanya",7400,2017,24,1317916.667,17,1539176.471
"127","Netanya",7400,2018,51,1367254.902,20,1560250
"128","Netanya",7400,2019,11,1276363.636,1,1950000
"129","Netanya",7400,2020,4,1330000,0,0
"130","Netanya",7400,2021,1,1320000,1,1530000
"131","Netanya",7400,2022,2,1877500,12,2183250
"132","Netanya",7400,2023,10,1814000,35,2352885.714
"133","Netanya",7400,2024,1,1515000,0,0
"134","Acre",7600,2017,2,745000,0,0
"135","Acre",7600,2018,0,0,2,954000
"136","Acre",7600,2019,0,0,6,962000
"137","Acre",7600,2020,6,591000,10,833000
"138","Acre",7600,2021,1,620000,2,1013500
"139","Acre",7600,2022,5,963000,5,1204000
"140","Acre",7600,2023,0,0,1,1300000
"141","Afula",7700,2017,3,671666.6666,0,0
"142","Afula",7700,2018,1,710000,3,771666.6666
"143","Afula",7700,2019,0,0,1,920000
"144","Afula",7700,2022,0,0,1,9e+05
"145","Afula",7700,2023,0,0,1,1540000
"146","Petah Tikva",7900,2017,19,1375578.947,11,1632090.909
"147","Petah Tikva",7900,2018,38,1383078.947,23,1644652.174
"148","Petah Tikva",7900,2019,3,1393333.333,5,1701000
"149","Petah Tikva",7900,2020,2,1490000,0,0
"150","Petah Tikva",7900,2021,2,1435000,6,1715000
"151","Petah Tikva",7900,2022,2,1910000,18,2257716.667
"152","Petah Tikva",7900,2023,19,1986315.789,14,2416285.714
"153","Petah Tikva",7900,2024,4,2027500,2,2320000
"154","Kiryat Ata",6800,2017,3,875000,1,8e+05
"155","Kiryat Ata",6800,2018,1,770000,5,881000
"156","Kiryat Ata",6800,2019,0,0,1,1030000
"157","Kiryat Ata",6800,2022,0,0,1,2498708
"158","Kiryat Ata",6800,2023,0,0,1,1800000
"159","Kiryat Gat",2630,2018,28,815000,11,1107727.273
"160","Kiryat Gat",2630,2019,2,827500,1,877000
"161","Kiryat Gat",2630,2023,2,1522000,5,1722000
"162","Kiryat Gat",2630,2024,1,1405000,0,0
"163","Rosh HaAyin",2640,2017,1,1340000,3,1431666.667
"164","Rosh HaAyin",2640,2018,3,1380000,3,1473333.333
"165","Rosh HaAyin",2640,2019,1,1300000,4,1662500
"166","Rosh HaAyin",2640,2022,0,0,1,2970000
"167","Rosh HaAyin",2640,2023,0,0,7,2507857.143
"168","Rishon Lezion",8300,2017,6,1455000,1,1580000
"169","Rishon Lezion",8300,2018,28,1422428.571,9,1638333.333
"170","Rishon Lezion",8300,2019,6,1505500,3,1681666.667
"171","Rishon Lezion",8300,2020,0,0,1,1950000
"172","Rishon Lezion",8300,2021,0,0,1,1630000
"173","Rishon Lezion",8300,2022,1,1845000,5,2100000
"174","Rishon Lezion",8300,2023,13,2189230.769,9,2397777.778
"175","Rishon Lezion",8300,2024,1,2010000,1,2543000
"176","Rehovot",8400,2017,6,1226666.667,2,1482000
"177","Rehovot",8400,2018,13,1262384.615,11,1651818.182
"178","Rehovot",8400,2019,1,1060000,0,0
"179","Rehovot",8400,2020,1,1430000,0,0
"180","Rehovot",8400,2022,4,2034750,7,2191428.571
"181","Rehovot",8400,2023,8,1760000,10,2452300
"182","Rehovot",8400,2024,1,1740000,1,2130000
"183","Ramla",8500,2017,1,940000,4,1312500
"184","Ramla",8500,2018,7,971000,13,1293076.923
"185","Ramla",8500,2019,15,1018933.333,9,1363888.889
"186","Ramla",8500,2020,8,1016875,0,0
"187","Ramla",8500,2022,1,1380000,4,1622500
"188","Ramla",8500,2023,3,1636666.667,4,2087500
"189","Ramla",8500,2024,2,1170000,1,2070000
"190","Ramat Gan",8600,2017,3,1673333.333,0,0
"191","Ramat Gan",8600,2018,3,1677000,1,1680000
"192","Ramat Gan",8600,2019,5,1668000,1,1950000
"193","Ramat Gan",8600,2020,5,1766000,2,1890000
"194","Ramat Gan",8600,2022,1,2290000,0,0
"195","Ramat Gan",8600,2023,5,2298000,0,0
"196","Ramat Gan",8600,2024,1,2120000,0,0
"197","Raanana",8700,2017,0,0,1,1955000
"198","Raanana",8700,2018,1,1890000,0,0
"199","Raanana",8700,2020,1,1700000,0,0
"200","Raanana",8700,2023,0,0,2,2570000
"201","Tel Aviv Jaffa",5000,2017,23,1556956.522,6,1660833.333
"202","Tel Aviv Jaffa",5000,2018,16,1577500,13,1712692.308
"203","Tel Aviv Jaffa",5000,2019,11,1514636.364,3,1765000
"204","Tel Aviv Jaffa",5000,2020,5,1507800,1,1870000
"205","Tel Aviv Jaffa",5000,2021,1,1570000,0,0
"206","Tel Aviv Jaffa",5000,2022,1,2645000,0,0
"207","Tel Aviv Jaffa",5000,2023,16,2172100.5,5,2378384.4
"208","Tel Aviv Jaffa",5000,2024,4,2070000,1,2500000
